scenario,tier,family,visit_band,n_undocumented,n_masked,alerts,tp,fp,fn,masked_raf,recovered_raf,false_raf,ppv,ppv_lo,ppv_hi,sensitivity,sens_lo,sens_hi,pct_raf_recovered
calibrated,t1,All 4 HCCs,2 or fewer,9723,97,493,71,422,26,17.878,13.562,61.868,0.144016227180527,0.115773244509536,0.177763971903249,0.731958762886598,0.636220588573358,0.810024443244501,75.8585971585189
calibrated,t1,All 4 HCCs,3 to 5,17695,526,1585,380,1205,146,85.672,61.436,187.247,0.239747634069401,0.219374951519247,0.261378779181895,0.722433460076046,0.682657490500085,0.758984053596578,71.7107106172379
calibrated,t1,All 4 HCCs,6 or more,7464,1533,2345,1463,882,70,349.26,337.679,177.738,0.623880597014925,0.604086927848129,0.643269060278761,0.954337899543379,0.942703954666693,0.963700536183604,96.6841321651492
calibrated,t2,All 4 HCCs,2 or fewer,9723,97,73,38,35,59,17.878,8.123,4.796,0.520547945205479,0.407815968897925,0.631225455432661,0.391752577319588,0.300512919763153,0.491239398721846,45.4357310661148
calibrated,t2,All 4 HCCs,3 to 5,17695,526,421,242,179,284,85.672,38.567,24.485,0.574821852731592,0.527130817222726,0.621159794938526,0.460076045627376,0.417926386085485,0.502804618820242,45.017041740592
calibrated,t2,All 4 HCCs,6 or more,7464,1533,1809,1415,394,118,349.26,327.08,60.112,0.78220011055832,0.76259261072093,0.800611631454881,0.923026744944553,0.908601139743392,0.935337571407244,93.649430223902
calibrated,t3,All 4 HCCs,2 or fewer,9723,97,99,55,44,42,17.878,10.945,6.368,0.555555555555556,0.457421428065719,0.649539326148967,0.567010309278351,0.467715845564812,0.661199385849236,61.2204944624678
calibrated,t3,All 4 HCCs,3 to 5,17695,526,519,320,199,206,85.672,51.632,29.095,0.616570327552986,0.574027977178294,0.657399729937596,0.608365019011407,0.566009777909397,0.649148923060772,60.2670650854422
calibrated,t3,All 4 HCCs,6 or more,7464,1533,1753,1409,344,124,349.26,327.683,54.413,0.803764974329721,0.784517925753655,0.821683615457068,0.9191128506197,0.904393107288468,0.93173738139971,93.8220809711963
calibrated,t1,CKD,2 or fewer,4948,14,333,14,319,0,4.1,4.1,44.77,0.042042042042042,0.0252061649028356,0.069323347385151,1,0.784689197262364,1,100
calibrated,t1,CKD,3 to 5,9438,62,1005,62,943,0,8.648,8.648,143.755,0.0616915422885572,0.0484205756960595,0.0783004840927967,1,0.941655927898628,1,100
calibrated,t1,CKD,6 or more,3855,1013,1598,1012,586,1,262.94,262.813,128.602,0.633291614518148,0.609370415058231,0.656573506953645,0.999012833168806,0.99442957091313,0.99982571955519,99.9517000076063
calibrated,t2,CKD,2 or fewer,4948,14,39,13,26,1,4.1,3.973,3.302,0.333333333333333,0.206329561895984,0.49022605600654,0.928571428571429,0.685312955758489,0.987277784752109,96.9024390243903
calibrated,t2,CKD,3 to 5,9438,62,205,61,144,1,8.648,8.521,18.675,0.297560975609756,0.239167196658559,0.363402137664748,0.983870967741936,0.9141327973931,0.997147132831378,98.531452358927
calibrated,t2,CKD,6 or more,3855,1013,1235,1010,225,3,262.94,259.85,32.058,0.817813765182186,0.795311298690483,0.838345247440347,0.997038499506417,0.99132921803702,0.998992322518468,98.8248269567202
calibrated,t3,CKD,2 or fewer,4948,14,37,13,24,1,4.1,3.973,3.048,0.351351351351351,0.218256071339271,0.512409768774492,0.928571428571429,0.685312955758489,0.987277784752109,96.9024390243903
calibrated,t3,CKD,3 to 5,9438,62,159,58,101,4,8.648,8.14,12.827,0.364779874213836,0.293967137566763,0.441972344237145,0.935483870967742,0.845524842722471,0.974627094479559,94.1258094357077
calibrated,t3,CKD,6 or more,3855,1013,1038,969,69,44,262.94,254.643,8.763,0.933526011560694,0.916716869541949,0.947138175177379,0.956564659427443,0.942193127232734,0.967486540109696,96.8445272685784
calibrated,t1,DM,2 or fewer,4775,83,160,57,103,26,13.778,9.462,17.098,0.35625,0.286214568695752,0.433026212416056,0.686746987951807,0.580586295274621,0.776386058955485,68.6746987951807
calibrated,t1,DM,3 to 5,8257,464,580,318,262,146,77.024,52.788,43.492,0.548275862068966,0.507589012044773,0.588327437796105,0.685344827586207,0.641715927825678,0.725929984602791,68.5344827586207
calibrated,t1,DM,6 or more,3609,520,747,451,296,69,86.32,74.866,49.136,0.603748326639893,0.568228050219735,0.638207007646476,0.867307692307692,0.835438760694241,0.893789507835675,86.7307692307692
calibrated,t2,DM,2 or fewer,4775,83,34,25,9,58,13.778,4.15,1.494,0.735294117647059,0.568828587170554,0.853988093227883,0.301204819277108,0.213106896834413,0.406890274469022,30.1204819277108
calibrated,t2,DM,3 to 5,8257,464,216,181,35,283,77.024,30.046,5.81,0.837962962962963,0.782991386214018,0.881123566366786,0.390086206896552,0.346780415402182,0.435197008622796,39.0086206896552
calibrated,t2,DM,6 or more,3609,520,574,405,169,115,86.32,67.23,28.054,0.705574912891986,0.667020830046637,0.741395693893421,0.778846153846154,0.741202215754023,0.81240039648073,77.8846153846154
calibrated,t3,DM,2 or fewer,4775,83,62,42,20,41,13.778,6.972,3.32,0.67741935483871,0.553680880928481,0.780455093487161,0.506024096385542,0.400603954233816,0.610911282999413,50.6024096385542
calibrated,t3,DM,3 to 5,8257,464,360,262,98,202,77.024,43.492,16.268,0.727777777777778,0.679574229266546,0.771171544817494,0.564655172413793,0.519194184793371,0.609054389309584,56.4655172413793
calibrated,t3,DM,6 or more,3609,520,715,440,275,80,86.32,73.04,45.65,0.615384615384615,0.579198039622223,0.65033796998787,0.846153846153846,0.812614325659807,0.874616503321266,84.6153846153846
model_complete,t1,All 4 HCCs,2 or fewer,9723,97,706,79,627,18,17.878,14.89,91.593,0.111898016997167,0.0907129037879947,0.137283723923173,0.814432989690722,0.725638965813093,0.879270966206672,83.2867211097438
model_complete,t1,All 4 HCCs,3 to 5,17695,526,2123,420,1703,106,85.672,68.076,266.888,0.197833254828073,0.181440011600542,0.215318033208587,0.798479087452472,0.762090571837666,0.830539534343327,79.4612008590905
model_complete,t1,All 4 HCCs,6 or more,7464,1533,2557,1475,1082,58,349.26,339.632,226.37,0.576847868596011,0.557596926827379,0.595868254957433,0.962165688193086,0.951401802438378,0.970619133336835,97.2433144362366
model_complete,t2,All 4 HCCs,2 or fewer,9723,97,145,58,87,39,17.878,11.404,11.943,0.4,0.32383551564662,0.481326297266436,0.597938144329897,0.498436535006329,0.689978033983434,63.7878957377783
model_complete,t2,All 4 HCCs,3 to 5,17695,526,724,349,375,177,85.672,56.29,50.547,0.482044198895028,0.445837769481599,0.518440165383327,0.663498098859316,0.622061661176699,0.702563747304609,65.704080679802
model_complete,t2,All 4 HCCs,6 or more,7464,1533,1976,1450,526,83,349.26,333.547,82.537,0.733805668016194,0.713878667008989,0.752825369257828,0.945857795172864,0.933374626548479,0.956112048966493,95.5010593826949
model_complete,t3,All 4 HCCs,2 or fewer,9723,97,157,67,90,30,17.878,12.976,12.561,0.426751592356688,0.3520432197193,0.504958823356917,0.690721649484536,0.5929541644404,0.773958417276507,72.5808255957042
model_complete,t3,All 4 HCCs,3 to 5,17695,526,708,389,319,137,85.672,63.008,45.505,0.549435028248588,0.512616776932866,0.585719726417148,0.739543726235742,0.700396532951259,0.775217437614378,73.5456158371463
model_complete,t3,All 4 HCCs,6 or more,7464,1533,1835,1426,409,107,349.26,331.162,64.111,0.777111716621254,0.757501781249533,0.795563843370565,0.930202217873451,0.916342362662107,0.941911423003034,94.8181870239936
model_complete,t1,CKD,2 or fewer,4948,14,493,14,479,0,4.1,4.1,67.025,0.0283975659229209,0.016989855787426,0.0470979095457513,1,0.784689197262364,1,100
model_complete,t1,CKD,3 to 5,9438,62,1420,62,1358,0,8.648,8.648,209.618,0.0436619718309859,0.0342080910762762,0.0555782106420202,1,0.941655927898628,1,100
model_complete,t1,CKD,6 or more,3855,1013,1759,1013,746,0,262.94,262.94,170.594,0.575895395110858,0.552659301418616,0.598800717100927,1,0.996222165424737,1,100
model_complete,t2,CKD,2 or fewer,4948,14,88,14,74,0,4.1,4.1,9.785,0.159090909090909,0.0971990232903012,0.249501249435762,1,0.784689197262364,1,100
model_complete,t2,CKD,3 to 5,9438,62,372,62,310,0,8.648,8.648,39.757,0.166666666666667,0.132242650007168,0.207904653650688,1,0.941655927898628,1,100
model_complete,t2,CKD,6 or more,3855,1013,1334,1013,321,0,262.94,261.005,48.507,0.759370314842579,0.735707568324128,0.781543556939995,1,0.996222165424737,1,99.2640906670723
model_complete,t3,CKD,2 or fewer,4948,14,73,12,61,2,4.1,3.846,7.747,0.164383561643836,0.0966129669185154,0.265710435681907,0.857142857142857,0.600586205030297,0.959906078728535,93.8048780487805
model_complete,t3,CKD,3 to 5,9438,62,251,60,191,2,8.648,8.394,24.257,0.239043824701195,0.190466056629285,0.295488855863304,0.967741935483871,0.889795304050146,0.991108628500183,97.0629047178539
model_complete,t3,CKD,6 or more,3855,1013,1069,972,97,41,262.94,255.798,12.319,0.909260991580917,0.890545366429759,0.925045784346454,0.959526159921027,0.945553781215916,0.970026510995762,97.2837909789306
model_complete,t1,DM,2 or fewer,4775,83,213,65,148,18,13.778,10.79,24.568,0.305164319248826,0.247229490859502,0.370002377753629,0.783132530120482,0.683031772735455,0.858184377226318,78.3132530120482
model_complete,t1,DM,3 to 5,8257,464,703,358,345,106,77.024,59.428,57.27,0.509246088193457,0.472341958141472,0.54604971914029,0.771551724137931,0.731213680147124,0.807430331085284,77.1551724137931
model_complete,t1,DM,6 or more,3609,520,798,462,336,58,86.32,76.692,55.776,0.578947368421053,0.544393388601828,0.612744906773063,0.888461538461538,0.858505245761468,0.912720462317291,88.8461538461539
model_complete,t2,DM,2 or fewer,4775,83,57,44,13,39,13.778,7.304,2.158,0.771929824561403,0.647939889543265,0.861581095010378,0.530120481927711,0.42380966445885,0.633766521707297,53.0120481927711
model_complete,t2,DM,3 to 5,8257,464,352,287,65,177,77.024,47.642,10.79,0.815340909090909,0.77147744665559,0.852395894960469,0.618534482758621,0.573534659783455,0.661587726071961,61.8534482758621
model_complete,t2,DM,6 or more,3609,520,642,437,205,83,86.32,72.542,34.03,0.680685358255452,0.643638885168786,0.715582401776205,0.840384615384615,0.806425814187651,0.869351167643737,84.0384615384615
model_complete,t3,DM,2 or fewer,4775,83,84,55,29,28,13.778,9.13,4.814,0.654761904761905,0.548337948187197,0.747649850160646,0.662650602409639,0.555754452843719,0.75515695245347,66.2650602409639
model_complete,t3,DM,3 to 5,8257,464,457,329,128,135,77.024,54.614,21.248,0.719912472647702,0.67704071676855,0.75911795809192,0.709051724137931,0.666142236790153,0.748528152809399,70.9051724137931
model_complete,t3,DM,6 or more,3609,520,766,454,312,66,86.32,75.364,51.792,0.592689295039165,0.557516154765315,0.626937408202737,0.873076923076923,0.841703520745775,0.898978594933826,87.3076923076923
raw,t1,All 4 HCCs,2 or fewer,9723,97,768,47,721,50,17.878,9.578,313.705,0.0611979166666667,0.0463315570302894,0.0804321166523698,0.484536082474227,0.387581595251811,0.582668735960331,53.574225304844
raw,t1,All 4 HCCs,3 to 5,17695,526,5526,275,5251,251,85.672,44.006,2538.409,0.0497647484618169,0.044337490322494,0.0558175435867074,0.522813688212928,0.480118236589613,0.565178332035686,51.3656737323747
raw,t1,All 4 HCCs,6 or more,7464,1533,3232,1081,2151,452,349.26,274.228,984.87,0.334467821782178,0.318407054145826,0.35092161550106,0.70515329419439,0.681837952440489,0.727443041633336,78.5168642272233
raw,t2,All 4 HCCs,2 or fewer,9723,97,516,44,472,53,17.878,9.08,220.162,0.0852713178294574,0.0641329720924484,0.112539082939569,0.45360824742268,0.358191917931589,0.552559075704839,50.7886788231346
raw,t2,All 4 HCCs,3 to 5,17695,526,5000,265,4735,261,85.672,41.959,2258.479,0.053,0.0471262914493397,0.0595600340895414,0.503802281368821,0.461201870417393,0.546347557686823,48.9763283219722
raw,t2,All 4 HCCs,6 or more,7464,1533,3127,1078,2049,455,349.26,265.216,739.716,0.344739366805245,0.328280472278782,0.361579262629114,0.703196347031963,0.679842248989246,0.725534633853349,75.9365515661685
raw,t3,All 4 HCCs,2 or fewer,9723,97,500,46,454,51,17.878,9.412,211.684,0.092,0.0696827236804521,0.120538738136175,0.474226804123711,0.377744922183897,0.572672296503008,52.6457098109408
raw,t3,All 4 HCCs,3 to 5,17695,526,4645,269,4376,257,85.672,42.623,2074.727,0.0579117330462863,0.051552748975337,0.0650013352239867,0.511406844106464,0.468761076650611,0.553887207662038,49.7513773461574
raw,t3,All 4 HCCs,6 or more,7464,1533,2831,1040,1791,493,349.26,244.64,608.652,0.367361356411162,0.349793863719878,0.385288323094048,0.678408349641226,0.65460574547088,0.70131906177615,70.0452385042662
raw,t1,CKD,2 or fewer,4948,14,735,14,721,0,4.1,4.1,313.705,0.0190476190476191,0.011379606348721,0.0317168637268999,1,0.784689197262364,1,100
raw,t1,CKD,3 to 5,9438,62,5313,62,5251,0,8.648,8.648,2538.409,0.0116694899303595,0.00911415309492151,0.0149304718597316,1,0.941655927898628,1,100
raw,t1,CKD,6 or more,3855,1013,3164,1013,2151,0,262.94,262.94,984.87,0.320164348925411,0.304134648359333,0.336630202157004,1,0.996222165424737,1,100
raw,t2,CKD,2 or fewer,4948,14,486,14,472,0,4.1,4.1,220.162,0.0288065843621399,0.0172356488664438,0.0477679522933136,1,0.784689197262364,1,100
raw,t2,CKD,3 to 5,9438,62,4797,62,4735,0,8.648,8.261,2258.479,0.0129247446320617,0.0100957671812284,0.0165332019103895,1,0.941655927898628,1,95.5249768732655
raw,t2,CKD,6 or more,3855,1013,3062,1013,2049,0,262.94,254.426,739.716,0.330829523187459,0.314385176377035,0.347697806740263,1,0.996222165424737,1,96.7619989351183
raw,t3,CKD,2 or fewer,4948,14,468,14,454,0,4.1,4.1,211.684,0.0299145299145299,0.0179016073378471,0.0495817776539628,1,0.784689197262364,1,100
raw,t3,CKD,3 to 5,9438,62,4438,62,4376,0,8.648,8.261,2074.727,0.0139702568724651,0.0109135450786452,0.017867639483182,1,0.941655927898628,1,95.5249768732655
raw,t3,CKD,6 or more,3855,1013,2763,972,1791,41,262.94,233.352,608.652,0.351791530944625,0.334202833287543,0.369791771322336,0.959526159921027,0.945553781215916,0.970026510995762,88.7472427169697
raw,t1,DM,2 or fewer,4775,83,33,33,0,50,13.778,5.478,0,1,0.895730002457548,1,0.397590361445783,0.299089317104168,0.505151649930935,39.7590361445783
raw,t1,DM,3 to 5,8257,464,213,213,0,251,77.024,35.358,0,1,0.982284481751847,1,0.459051724137931,0.414231536142881,0.504544366925248,45.9051724137931
raw,t1,DM,6 or more,3609,520,68,68,0,452,86.32,11.288,0,1,0.94652866347993,1,0.130769230769231,0.104478759640939,0.16247502277925,13.0769230769231
raw,t2,DM,2 or fewer,4775,83,30,30,0,53,13.778,4.98,0,1,0.886486606826031,1,0.36144578313253,0.266346343571089,0.468803200064639,36.144578313253
raw,t2,DM,3 to 5,8257,464,203,203,0,261,77.024,33.698,0,1,0.981428003638167,1,0.4375,0.393058258714786,0.482968119652358,43.75
raw,t2,DM,6 or more,3609,520,65,65,0,455,86.32,10.79,0,1,0.944198468677143,1,0.125,0.0992958604517505,0.156204074818754,12.5
raw,t3,DM,2 or fewer,4775,83,32,32,0,51,13.778,5.312,0,1,0.89282080174493,1,0.385542168674699,0.288111571931486,0.493098920637159,38.5542168674699
raw,t3,DM,3 to 5,8257,464,207,207,0,257,77.024,34.362,0,1,0.981780344140186,1,0.446120689655172,0.401517383913574,0.491608804333964,44.6120689655173
raw,t3,DM,6 or more,3609,520,68,68,0,452,86.32,11.288,0,1,0.94652866347993,1,0.130769230769231,0.104478759640939,0.16247502277925,13.0769230769231
sens_egfr_sd10,t1,All 4 HCCs,2 or fewer,9723,97,600,71,529,26,17.878,13.562,75.457,0.118333333333333,0.094884458005742,0.146638307101383,0.731958762886598,0.636220588573358,0.810024443244501,75.8585971585189
sens_egfr_sd10,t1,All 4 HCCs,3 to 5,17695,526,1984,380,1604,146,85.672,61.436,240.242,0.191532258064516,0.17481955392481,0.209437176123395,0.722433460076046,0.682657490500085,0.758984053596578,71.7107106172379
sens_egfr_sd10,t1,All 4 HCCs,6 or more,7464,1533,2448,1463,985,70,349.26,337.679,191.206,0.597630718954248,0.578066918196676,0.616888590969855,0.954337899543379,0.942703954666693,0.963700536183604,96.6841321651492
sens_egfr_sd10,t2,All 4 HCCs,2 or fewer,9723,97,85,38,47,59,17.878,8.123,6.32,0.447058823529412,0.345936556916993,0.552759388428024,0.391752577319588,0.300512919763153,0.491239398721846,45.4357310661148
sens_egfr_sd10,t2,All 4 HCCs,3 to 5,17695,526,487,242,245,284,85.672,38.567,32.867,0.496919917864476,0.452711746047585,0.541176300803209,0.460076045627376,0.417926386085485,0.502804618820242,45.017041740592
sens_egfr_sd10,t2,All 4 HCCs,6 or more,7464,1533,1839,1415,424,118,349.26,327.08,63.922,0.769439912996194,0.74963986926982,0.788116645408431,0.923026744944553,0.908601139743392,0.935337571407244,93.649430223902
sens_egfr_sd10,t3,All 4 HCCs,2 or fewer,9723,97,111,55,56,42,17.878,10.945,7.892,0.495495495495496,0.404202909697088,0.587089433588438,0.567010309278351,0.467715845564812,0.661199385849236,61.2204944624678
sens_egfr_sd10,t3,All 4 HCCs,3 to 5,17695,526,575,320,255,206,85.672,51.632,36.207,0.556521739130435,0.51567374971264,0.596619519902892,0.608365019011407,0.566009777909397,0.649148923060772,60.2670650854422
sens_egfr_sd10,t3,All 4 HCCs,6 or more,7464,1533,1764,1409,355,124,349.26,327.683,55.81,0.79875283446712,0.779402890329864,0.816804419291164,0.9191128506197,0.904393107288468,0.93173738139971,93.8220809711963
sens_egfr_sd10,t1,CKD,2 or fewer,4948,14,440,14,426,0,4.1,4.1,58.359,0.0318181818181818,0.0190463790843585,0.052694235019827,1,0.784689197262364,1,100
sens_egfr_sd10,t1,CKD,3 to 5,9438,62,1404,62,1342,0,8.648,8.648,196.75,0.0441595441595442,0.0345996299571757,0.0562070855431499,1,0.941655927898628,1,100
sens_egfr_sd10,t1,CKD,6 or more,3855,1013,1701,1012,689,1,262.94,262.813,142.07,0.594944150499706,0.571426780931649,0.618033651490866,0.999012833168806,0.99442957091313,0.99982571955519,99.9517000076063
sens_egfr_sd10,t2,CKD,2 or fewer,4948,14,51,13,38,1,4.1,3.973,4.826,0.254901960784314,0.155457681565823,0.388682818384438,0.928571428571429,0.685312955758489,0.987277784752109,96.9024390243903
sens_egfr_sd10,t2,CKD,3 to 5,9438,62,271,61,210,1,8.648,8.521,27.057,0.225092250922509,0.17940977193845,0.278459500625675,0.983870967741936,0.9141327973931,0.997147132831378,98.531452358927
sens_egfr_sd10,t2,CKD,6 or more,3855,1013,1265,1010,255,3,262.94,259.85,35.868,0.798418972332016,0.775422833608024,0.819608164749898,0.997038499506417,0.99132921803702,0.998992322518468,98.8248269567202
sens_egfr_sd10,t3,CKD,2 or fewer,4948,14,49,13,36,1,4.1,3.973,4.572,0.26530612244898,0.162112821349574,0.402622889713108,0.928571428571429,0.685312955758489,0.987277784752109,96.9024390243903
sens_egfr_sd10,t3,CKD,3 to 5,9438,62,215,58,157,4,8.648,8.14,19.939,0.269767441860465,0.214865901372825,0.332751809944322,0.935483870967742,0.845524842722471,0.974627094479559,94.1258094357077
sens_egfr_sd10,t3,CKD,6 or more,3855,1013,1049,969,80,44,262.94,254.643,10.16,0.92373689227836,0.906084066570712,0.938297575652785,0.956564659427443,0.942193127232734,0.967486540109696,96.8445272685784
sens_egfr_sd10,t1,DM,2 or fewer,4775,83,160,57,103,26,13.778,9.462,17.098,0.35625,0.286214568695752,0.433026212416056,0.686746987951807,0.580586295274621,0.776386058955485,68.6746987951807
sens_egfr_sd10,t1,DM,3 to 5,8257,464,580,318,262,146,77.024,52.788,43.492,0.548275862068966,0.507589012044773,0.588327437796105,0.685344827586207,0.641715927825678,0.725929984602791,68.5344827586207
sens_egfr_sd10,t1,DM,6 or more,3609,520,747,451,296,69,86.32,74.866,49.136,0.603748326639893,0.568228050219735,0.638207007646476,0.867307692307692,0.835438760694241,0.893789507835675,86.7307692307692
sens_egfr_sd10,t2,DM,2 or fewer,4775,83,34,25,9,58,13.778,4.15,1.494,0.735294117647059,0.568828587170554,0.853988093227883,0.301204819277108,0.213106896834413,0.406890274469022,30.1204819277108
sens_egfr_sd10,t2,DM,3 to 5,8257,464,216,181,35,283,77.024,30.046,5.81,0.837962962962963,0.782991386214018,0.881123566366786,0.390086206896552,0.346780415402182,0.435197008622796,39.0086206896552
sens_egfr_sd10,t2,DM,6 or more,3609,520,574,405,169,115,86.32,67.23,28.054,0.705574912891986,0.667020830046637,0.741395693893421,0.778846153846154,0.741202215754023,0.81240039648073,77.8846153846154
sens_egfr_sd10,t3,DM,2 or fewer,4775,83,62,42,20,41,13.778,6.972,3.32,0.67741935483871,0.553680880928481,0.780455093487161,0.506024096385542,0.400603954233816,0.610911282999413,50.6024096385542
sens_egfr_sd10,t3,DM,3 to 5,8257,464,360,262,98,202,77.024,43.492,16.268,0.727777777777778,0.679574229266546,0.771171544817494,0.564655172413793,0.519194184793371,0.609054389309584,56.4655172413793
sens_egfr_sd10,t3,DM,6 or more,3609,520,715,440,275,80,86.32,73.04,45.65,0.615384615384615,0.579198039622223,0.65033796998787,0.846153846153846,0.812614325659807,0.874616503321266,84.6153846153846
sens_egfr_sd20,t1,All 4 HCCs,2 or fewer,9723,97,412,71,341,26,17.878,13.562,51.581,0.172330097087379,0.138932165647061,0.21178192436766,0.731958762886598,0.636220588573358,0.810024443244501,75.8585971585189
sens_egfr_sd20,t1,All 4 HCCs,3 to 5,17695,526,1382,380,1002,146,85.672,61.436,157.983,0.274963820549928,0.252071696234919,0.299103515012332,0.722433460076046,0.682657490500085,0.758984053596578,71.7107106172379
sens_egfr_sd20,t1,All 4 HCCs,6 or more,7464,1533,2303,1463,840,70,349.26,337.679,169.695,0.635258358662614,0.615388861969501,0.654677378438061,0.954337899543379,0.942703954666693,0.963700536183604,96.6841321651492
sens_egfr_sd20,t2,All 4 HCCs,2 or fewer,9723,97,67,38,29,59,17.878,8.123,4.034,0.567164179104478,0.448087364907929,0.678956885024583,0.391752577319588,0.300512919763153,0.491239398721846,45.4357310661148
sens_egfr_sd20,t2,All 4 HCCs,3 to 5,17695,526,385,242,143,284,85.672,38.567,19.913,0.628571428571429,0.579258406016303,0.67534407464575,0.460076045627376,0.417926386085485,0.502804618820242,45.017041740592
sens_egfr_sd20,t2,All 4 HCCs,6 or more,7464,1533,1791,1415,376,118,349.26,327.08,57.826,0.790061418202122,0.770589049377631,0.808292163162823,0.923026744944553,0.908601139743392,0.935337571407244,93.649430223902
sens_egfr_sd20,t3,All 4 HCCs,2 or fewer,9723,97,93,55,38,42,17.878,10.945,5.606,0.591397849462366,0.489799599519072,0.685745050541149,0.567010309278351,0.467715845564812,0.661199385849236,61.2204944624678
sens_egfr_sd20,t3,All 4 HCCs,3 to 5,17695,526,492,320,172,206,85.672,51.632,25.666,0.650406504065041,0.60725393769454,0.691228565870213,0.608365019011407,0.566009777909397,0.649148923060772,60.2670650854422
sens_egfr_sd20,t3,All 4 HCCs,6 or more,7464,1533,1746,1409,337,124,349.26,327.683,53.524,0.806987399770905,0.787809568424801,0.824817361058556,0.9191128506197,0.904393107288468,0.93173738139971,93.8220809711963
sens_egfr_sd20,t1,CKD,2 or fewer,4948,14,252,14,238,0,4.1,4.1,34.483,0.0555555555555556,0.0333782846605221,0.091079490742526,1,0.784689197262364,1,100
sens_egfr_sd20,t1,CKD,3 to 5,9438,62,802,62,740,0,8.648,8.648,114.491,0.0773067331670823,0.0607719663511284,0.0978714707931745,1,0.941655927898628,1,100
sens_egfr_sd20,t1,CKD,6 or more,3855,1013,1556,1012,544,1,262.94,262.813,120.559,0.650385604113111,0.626348357792288,0.673682133994888,0.999012833168806,0.99442957091313,0.99982571955519,99.9517000076063
sens_egfr_sd20,t2,CKD,2 or fewer,4948,14,33,13,20,1,4.1,3.973,2.54,0.393939393939394,0.246831074344771,0.563165591800598,0.928571428571429,0.685312955758489,0.987277784752109,96.9024390243903
sens_egfr_sd20,t2,CKD,3 to 5,9438,62,169,61,108,1,8.648,8.521,14.103,0.36094674556213,0.292370385612297,0.435704115027287,0.983870967741936,0.9141327973931,0.997147132831378,98.531452358927
sens_egfr_sd20,t2,CKD,6 or more,3855,1013,1217,1010,207,3,262.94,259.85,29.772,0.829909613804437,0.807770682256478,0.849972380283092,0.997038499506417,0.99132921803702,0.998992322518468,98.8248269567202
sens_egfr_sd20,t3,CKD,2 or fewer,4948,14,31,13,18,1,4.1,3.973,2.286,0.419354838709677,0.264155430673122,0.592337375046303,0.928571428571429,0.685312955758489,0.987277784752109,96.9024390243903
sens_egfr_sd20,t3,CKD,3 to 5,9438,62,132,58,74,4,8.648,8.14,9.398,0.439393939393939,0.357628402648463,0.524587232115005,0.935483870967742,0.845524842722471,0.974627094479559,94.1258094357077
sens_egfr_sd20,t3,CKD,6 or more,3855,1013,1031,969,62,44,262.94,254.643,7.874,0.939864209505335,0.923654912533383,0.952807846345275,0.956564659427443,0.942193127232734,0.967486540109696,96.8445272685784
sens_egfr_sd20,t1,DM,2 or fewer,4775,83,160,57,103,26,13.778,9.462,17.098,0.35625,0.286214568695752,0.433026212416056,0.686746987951807,0.580586295274621,0.776386058955485,68.6746987951807
sens_egfr_sd20,t1,DM,3 to 5,8257,464,580,318,262,146,77.024,52.788,43.492,0.548275862068966,0.507589012044773,0.588327437796105,0.685344827586207,0.641715927825678,0.725929984602791,68.5344827586207
sens_egfr_sd20,t1,DM,6 or more,3609,520,747,451,296,69,86.32,74.866,49.136,0.603748326639893,0.568228050219735,0.638207007646476,0.867307692307692,0.835438760694241,0.893789507835675,86.7307692307692
sens_egfr_sd20,t2,DM,2 or fewer,4775,83,34,25,9,58,13.778,4.15,1.494,0.735294117647059,0.568828587170554,0.853988093227883,0.301204819277108,0.213106896834413,0.406890274469022,30.1204819277108
sens_egfr_sd20,t2,DM,3 to 5,8257,464,216,181,35,283,77.024,30.046,5.81,0.837962962962963,0.782991386214018,0.881123566366786,0.390086206896552,0.346780415402182,0.435197008622796,39.0086206896552
sens_egfr_sd20,t2,DM,6 or more,3609,520,574,405,169,115,86.32,67.23,28.054,0.705574912891986,0.667020830046637,0.741395693893421,0.778846153846154,0.741202215754023,0.81240039648073,77.8846153846154
sens_egfr_sd20,t3,DM,2 or fewer,4775,83,62,42,20,41,13.778,6.972,3.32,0.67741935483871,0.553680880928481,0.780455093487161,0.506024096385542,0.400603954233816,0.610911282999413,50.6024096385542
sens_egfr_sd20,t3,DM,3 to 5,8257,464,360,262,98,202,77.024,43.492,16.268,0.727777777777778,0.679574229266546,0.771171544817494,0.564655172413793,0.519194184793371,0.609054389309584,56.4655172413793
sens_egfr_sd20,t3,DM,6 or more,3609,520,715,440,275,80,86.32,73.04,45.65,0.615384615384615,0.579198039622223,0.65033796998787,0.846153846153846,0.812614325659807,0.874616503321266,84.6153846153846
