scenario,tier,alert_hcc,latent_hcc,n
calibrated,t1,328,329,123
calibrated,t1,327,329,96
calibrated,t1,327,328,83
calibrated,t1,327,327,355
calibrated,t1,329,329,289
calibrated,t1,328,328,142
calibrated,t2,329,329,496
calibrated,t2,328,328,213
calibrated,t2,327,327,348
calibrated,t2,328,327,7
calibrated,t2,327,328,3
calibrated,t2,328,329,8
calibrated,t2,329,328,9
calibrated,t3,329,329,454
calibrated,t3,328,328,211
calibrated,t3,327,327,348
calibrated,t3,328,327,7
calibrated,t3,327,328,3
calibrated,t3,329,328,11
calibrated,t3,328,329,6
model_complete,t1,328,329,133
model_complete,t1,327,329,120
model_complete,t1,327,328,102
model_complete,t1,327,327,355
model_complete,t1,328,328,123
model_complete,t1,329,329,256
model_complete,t2,329,329,506
model_complete,t2,328,328,214
model_complete,t2,327,327,350
model_complete,t2,327,328,2
model_complete,t2,329,328,9
model_complete,t2,328,327,5
model_complete,t2,328,329,3
model_complete,t3,329,329,461
model_complete,t3,328,328,213
model_complete,t3,327,327,350
model_complete,t3,328,327,5
model_complete,t3,327,328,2
model_complete,t3,329,328,10
model_complete,t3,328,329,3
sens_egfr_sd10,t1,328,329,123
sens_egfr_sd10,t1,327,329,96
sens_egfr_sd10,t1,327,328,83
sens_egfr_sd10,t1,327,327,355
sens_egfr_sd10,t1,329,329,289
sens_egfr_sd10,t1,328,328,142
sens_egfr_sd10,t2,329,329,496
sens_egfr_sd10,t2,328,328,213
sens_egfr_sd10,t2,327,327,348
sens_egfr_sd10,t2,328,327,7
sens_egfr_sd10,t2,327,328,3
sens_egfr_sd10,t2,328,329,8
sens_egfr_sd10,t2,329,328,9
sens_egfr_sd10,t3,329,329,454
sens_egfr_sd10,t3,328,328,211
sens_egfr_sd10,t3,327,327,348
sens_egfr_sd10,t3,328,327,7
sens_egfr_sd10,t3,327,328,3
sens_egfr_sd10,t3,329,328,11
sens_egfr_sd10,t3,328,329,6
sens_egfr_sd20,t1,328,329,123
sens_egfr_sd20,t1,327,329,96
sens_egfr_sd20,t1,327,328,83
sens_egfr_sd20,t1,327,327,355
sens_egfr_sd20,t1,329,329,289
sens_egfr_sd20,t1,328,328,142
sens_egfr_sd20,t2,329,329,496
sens_egfr_sd20,t2,328,328,213
sens_egfr_sd20,t2,327,327,348
sens_egfr_sd20,t2,328,327,7
sens_egfr_sd20,t2,327,328,3
sens_egfr_sd20,t2,328,329,8
sens_egfr_sd20,t2,329,328,9
sens_egfr_sd20,t3,329,329,454
sens_egfr_sd20,t3,328,328,211
sens_egfr_sd20,t3,327,327,348
sens_egfr_sd20,t3,328,327,7
sens_egfr_sd20,t3,327,328,3
sens_egfr_sd20,t3,329,328,11
sens_egfr_sd20,t3,328,329,6
