scenario,tier,tp,exact_stage,pct_exact,pct_overstaged
calibrated,t1,1088,786,72.2426470588235,27.7573529411765
calibrated,t2,1084,1057,97.5092250922509,1.01476014760148
calibrated,t3,1040,1013,97.4038461538461,0.865384615384615
model_complete,t1,1089,734,67.4012855831038,32.5987144168962
model_complete,t2,1089,1070,98.2552800734619,0.459136822773186
model_complete,t3,1044,1024,98.0842911877395,0.478927203065134
sens_egfr_sd10,t1,1088,786,72.2426470588235,27.7573529411765
sens_egfr_sd10,t2,1084,1057,97.5092250922509,1.01476014760148
sens_egfr_sd10,t3,1040,1013,97.4038461538461,0.865384615384615
sens_egfr_sd20,t1,1088,786,72.2426470588235,27.7573529411765
sens_egfr_sd20,t2,1084,1057,97.5092250922509,1.01476014760148
sens_egfr_sd20,t3,1040,1013,97.4038461538461,0.865384615384615
