scenario,lab,target_rate,synthea_rate,retention_p,achieved_rate
calibrated,a1c,0.833,0.992019255130479,0.700317525390465,0.833037750190018
calibrated,creatinine,0.836,0.993919432480365,0.609535851942171,0.835951355459843
calibrated,uacr,0.422,0.986825437040791,0.158705555415405,0.421966050164682
sens_egfr_sd10,a1c,0.833,0.992019255130479,0.700317525390465,0.833037750190018
sens_egfr_sd10,creatinine,0.836,0.993919432480365,0.609535851942171,0.835951355459843
sens_egfr_sd10,uacr,0.422,0.986825437040791,0.158705555415405,0.421966050164682
sens_egfr_sd20,a1c,0.833,0.992019255130479,0.700317525390465,0.833037750190018
sens_egfr_sd20,creatinine,0.836,0.993919432480365,0.609535851942171,0.835951355459843
sens_egfr_sd20,uacr,0.422,0.986825437040791,0.158705555415405,0.421966050164682
