scenario,tier,family,n_undocumented,n_masked,alerts,tp,fp,fn,masked_raf,recovered_raf,false_raf,ppv,ppv_lo,ppv_hi,sensitivity,sens_lo,sens_hi,alerts_per_100,pct_raf_recovered,tier_label,scenario_label
calibrated,t1,All 4 HCCs,34882,2156,4423,1914,2509,242,452.81,412.677,426.853,0.432737960660185,0.41820116571914,0.44739149091092,0.887755102040816,0.873734867945909,0.900396026324885,22.6576507351058,91.1369006868223,Single lab,Lab model with missing tests (main)
calibrated,t2,All 4 HCCs,34882,2156,2303,1695,608,461,452.81,373.77,89.393,0.735996526270083,0.71761128124381,0.753595786690411,0.786178107606679,0.768370482657462,0.802967749118949,11.7975513549511,82.5445551114154,Guideline (ADA/KDIGO),Lab model with missing tests (main)
calibrated,t3,All 4 HCCs,34882,2156,2371,1784,587,372,452.81,390.26,89.876,0.752425137072965,0.734653381404973,0.769380264948165,0.827458256029685,0.810930012724652,0.842821675499249,12.1458941652579,86.1862591373865,Revalidation hybrid,Lab model with missing tests (main)
calibrated,t1,CKD,18241,1089,2936,1088,1848,1,275.688,275.561,317.127,0.370572207084469,0.353282468551608,0.388200189392515,0.999081726354454,0.994816913812328,0.999837883758221,15.0402131038369,99.9539334319956,Single lab,Lab model with missing tests (main)
calibrated,t2,CKD,18241,1089,1479,1084,395,5,275.688,272.344,54.035,0.732927653820149,0.709797320522217,0.754851139298945,0.995408631772268,0.989297135708892,0.998037295366196,7.57645612417397,98.7870346188445,Guideline (ADA/KDIGO),Lab model with missing tests (main)
calibrated,t3,CKD,18241,1089,1234,1040,194,49,275.688,266.756,24.638,0.842787682333874,0.821418341025525,0.862029441379496,0.955004591368228,0.941011441161425,0.96579895846361,6.32139746939194,96.7601056266504,Revalidation hybrid,Lab model with missing tests (main)
calibrated,t1,DM,16641,1067,1487,826,661,241,177.122,137.116,109.726,0.555480833893746,0.530113576315004,0.580562175974928,0.774133083411434,0.748085459922986,0.798213896700966,7.61743763126889,77.4133083411434,Single lab,Lab model with missing tests (main)
calibrated,t2,DM,16641,1067,824,611,213,456,177.122,101.426,35.358,0.741504854368932,0.710539706344413,0.770228677214165,0.572633552014995,0.542742360583388,0.602003622795608,4.22109523077711,57.2633552014995,Guideline (ADA/KDIGO),Lab model with missing tests (main)
calibrated,t3,DM,16641,1067,1137,744,393,323,177.122,123.504,65.238,0.654353562005277,0.626232190330208,0.681435450327622,0.697282099343955,0.669047794940964,0.72410097281747,5.82449669586599,69.7282099343955,Revalidation hybrid,Lab model with missing tests (main)
model_complete,t1,All 4 HCCs,34882,2156,5386,1974,3412,182,452.81,422.598,584.851,0.36650575566283,0.353736672490533,0.379465127416465,0.915584415584416,0.903097397867666,0.926593129963233,27.5907996516572,93.327885868245,Single lab,"Lab model, no missing tests"
model_complete,t2,All 4 HCCs,34882,2156,2845,1857,988,299,452.81,401.241,145.027,0.652724077328647,0.635033921089429,0.670002358591692,0.861317254174397,0.846084743908502,0.875264498480192,14.5740484606321,88.6113380888231,Guideline (ADA/KDIGO),"Lab model, no missing tests"
model_complete,t3,All 4 HCCs,34882,2156,2700,1882,818,274,452.81,407.146,122.177,0.697037037037037,0.679433548677136,0.714080648144179,0.87291280148423,0.858187221194936,0.886311868510468,13.8312586445367,89.915417062344,Revalidation hybrid,"Lab model, no missing tests"
model_complete,t1,CKD,18241,1089,3672,1089,2583,0,275.688,275.688,447.237,0.29656862745098,0.282014363496574,0.311548085608804,1,0.996484889194413,1,18.8105117565699,100,Single lab,"Lab model, no missing tests"
model_complete,t2,CKD,18241,1089,1794,1089,705,0,275.688,273.753,98.049,0.607023411371238,0.584216980024269,0.629372487565319,1,0.996484889194413,1,9.19010296603658,99.2981196134761,Guideline (ADA/KDIGO),"Lab model, no missing tests"
model_complete,t3,CKD,18241,1089,1393,1044,349,45,275.688,268.038,44.323,0.749461593682699,0.726041111226041,0.771509985651313,0.958677685950413,0.945155309034704,0.96897545708579,7.13590492290354,97.2251240532776,Revalidation hybrid,"Lab model, no missing tests"
model_complete,t1,DM,16641,1067,1714,885,829,182,177.122,146.91,137.614,0.516336056009335,0.492667814868402,0.539931235359693,0.829428303655108,0.8056872622475,0.850805810755301,8.78028789508734,82.9428303655108,Single lab,"Lab model, no missing tests"
model_complete,t2,DM,16641,1067,1051,768,283,299,177.122,127.488,46.978,0.730732635585157,0.703110585538319,0.756674148882555,0.719775070290534,0.692076042305488,0.745897288047732,5.38394549459556,71.9775070290534,Guideline (ADA/KDIGO),"Lab model, no missing tests"
model_complete,t3,DM,16641,1067,1307,838,469,229,177.122,139.108,77.854,0.641162968630451,0.614779943700719,0.66671862923271,0.785379568884724,0.759744387024399,0.808967250896946,6.69535372163311,78.5379568884724,Revalidation hybrid,"Lab model, no missing tests"
raw,t1,All 4 HCCs,34882,2156,9526,1403,8123,753,452.81,327.812,3836.984,0.147281125341172,0.14030677317068,0.154539837967844,0.650742115027829,0.630366727272269,0.670581287844965,48.7987295732801,72.3950442790575,Single lab,Raw Synthea labs
raw,t2,All 4 HCCs,34882,2156,8643,1387,7256,769,452.81,316.255,3218.357,0.160476686335763,0.152889603638646,0.168365443311128,0.643320964749536,0.622862660761656,0.663269452072883,44.2753957276779,69.842759656368,Guideline (ADA/KDIGO),Raw Synthea labs
raw,t3,All 4 HCCs,34882,2156,7976,1355,6621,801,452.81,296.675,2895.063,0.169884653961886,0.161802605924007,0.178284534005433,0.62847866419295,0.607870274948117,0.648630033321034,40.8585625736386,65.5186502064884,Revalidation hybrid,Raw Synthea labs
raw,t1,CKD,18241,1089,9212,1089,8123,0,275.688,275.688,3836.984,0.118215371254885,0.111780869415305,0.124968153294108,1,0.996484889194413,1,47.1902054198043,100,Single lab,Raw Synthea labs
raw,t2,CKD,18241,1089,8345,1089,7256,0,275.688,266.787,3218.357,0.130497303774715,0.123439763837328,0.137894873978263,1,0.996484889194413,1,42.748834588392,96.7713502219901,Guideline (ADA/KDIGO),Raw Synthea labs
raw,t3,CKD,18241,1089,7669,1048,6621,41,275.688,245.713,2895.063,0.136654061807276,0.129148293373028,0.144523653335413,0.962350780532599,0.949323813925728,0.972127318690226,39.285897238871,89.1272017643133,Revalidation hybrid,Raw Synthea labs
raw,t1,DM,16641,1067,314,314,0,753,177.122,52.124,0,1,0.987913915211227,1,0.294283036551078,0.267716017532828,0.322326003735693,1.60852415347574,29.4283036551078,Single lab,Raw Synthea labs
raw,t2,DM,16641,1067,298,298,0,769,177.122,49.468,0,1,0.987273256511207,1,0.279287722586692,0.253196298232089,0.306962681306574,1.5265611392859,27.9287722586692,Guideline (ADA/KDIGO),Raw Synthea labs
raw,t3,DM,16641,1067,307,307,0,760,177.122,50.962,0,1,0.987641742400553,1,0.287722586691659,0.26135918683035,0.315609003681359,1.57266533476769,28.7722586691659,Revalidation hybrid,Raw Synthea labs
sens_egfr_sd10,t1,All 4 HCCs,34882,2156,5032,1914,3118,242,452.81,412.677,506.905,0.380365659777425,0.367048101093973,0.39386573826229,0.887755102040816,0.873734867945909,0.900396026324885,25.7773679627068,91.1369006868223,Single lab,Sensitivity: non-CKD eGFR closer to 60
sens_egfr_sd10,t2,All 4 HCCs,34882,2156,2411,1695,716,461,452.81,373.77,103.109,0.703027789299046,0.684477779747976,0.720931857569623,0.786178107606679,0.768370482657462,0.802967749118949,12.3508017007325,82.5445551114154,Guideline (ADA/KDIGO),Sensitivity: non-CKD eGFR closer to 60
sens_egfr_sd10,t3,All 4 HCCs,34882,2156,2450,1784,666,372,452.81,390.26,99.909,0.728163265306122,0.710199187232255,0.745412969772096,0.827458256029685,0.810930012724652,0.842821675499249,12.5505865478203,86.1862591373865,Revalidation hybrid,Sensitivity: non-CKD eGFR closer to 60
sens_egfr_sd10,t1,CKD,18241,1089,3545,1088,2457,1,275.688,275.561,397.179,0.306911142454161,0.291944520817497,0.322295783832537,0.999081726354454,0.994816913812328,0.999837883758221,18.1599303314379,99.9539334319956,Single lab,Sensitivity: non-CKD eGFR closer to 60
sens_egfr_sd10,t2,CKD,18241,1089,1587,1084,503,5,275.688,272.344,67.751,0.683049779458097,0.659739273008352,0.705476252887422,0.995408631772268,0.989297135708892,0.998037295366196,8.12970646995543,98.7870346188445,Guideline (ADA/KDIGO),Sensitivity: non-CKD eGFR closer to 60
sens_egfr_sd10,t3,CKD,18241,1089,1313,1040,273,49,275.688,266.756,34.671,0.792079207920792,0.769291915859282,0.813162406840197,0.955004591368228,0.941011441161425,0.96579895846361,6.72608985195431,96.7601056266504,Revalidation hybrid,Sensitivity: non-CKD eGFR closer to 60
sens_egfr_sd10,t1,DM,16641,1067,1487,826,661,241,177.122,137.116,109.726,0.555480833893746,0.530113576315004,0.580562175974928,0.774133083411434,0.748085459922986,0.798213896700966,7.61743763126889,77.4133083411434,Single lab,Sensitivity: non-CKD eGFR closer to 60
sens_egfr_sd10,t2,DM,16641,1067,824,611,213,456,177.122,101.426,35.358,0.741504854368932,0.710539706344413,0.770228677214165,0.572633552014995,0.542742360583388,0.602003622795608,4.22109523077711,57.2633552014995,Guideline (ADA/KDIGO),Sensitivity: non-CKD eGFR closer to 60
sens_egfr_sd10,t3,DM,16641,1067,1137,744,393,323,177.122,123.504,65.238,0.654353562005277,0.626232190330208,0.681435450327622,0.697282099343955,0.669047794940964,0.72410097281747,5.82449669586599,69.7282099343955,Revalidation hybrid,Sensitivity: non-CKD eGFR closer to 60
sens_egfr_sd20,t1,All 4 HCCs,34882,2156,4097,1914,2183,242,452.81,412.677,379.259,0.467171100805467,0.451931666343838,0.482472040139036,0.887755102040816,0.873734867945909,0.900396026324885,20.9876543209877,91.1369006868223,Single lab,Sensitivity: non-CKD eGFR spread wider
sens_egfr_sd20,t2,All 4 HCCs,34882,2156,2243,1695,548,461,452.81,373.77,81.773,0.755684351315203,0.737475087308269,0.77301932051792,0.786178107606679,0.768370482657462,0.802967749118949,11.4901900517392,82.5445551114154,Guideline (ADA/KDIGO),Sensitivity: non-CKD eGFR spread wider
sens_egfr_sd20,t3,All 4 HCCs,34882,2156,2331,1784,547,372,452.81,390.26,84.796,0.765336765336765,0.747704974173728,0.782095452029427,0.827458256029685,0.810930012724652,0.842821675499249,11.9409866297833,86.1862591373865,Revalidation hybrid,Sensitivity: non-CKD eGFR spread wider
sens_egfr_sd20,t1,CKD,18241,1089,2610,1088,1522,1,275.688,275.561,269.533,0.416858237547893,0.398078817111107,0.435882038266934,0.999081726354454,0.994816913812328,0.999837883758221,13.3702166897188,99.9539334319956,Single lab,Sensitivity: non-CKD eGFR spread wider
sens_egfr_sd20,t2,CKD,18241,1089,1419,1084,335,5,275.688,272.344,46.415,0.763918252290345,0.741128166902473,0.78528325817703,0.995408631772268,0.989297135708892,0.998037295366196,7.26909482096204,98.7870346188445,Guideline (ADA/KDIGO),Sensitivity: non-CKD eGFR spread wider
sens_egfr_sd20,t3,CKD,18241,1089,1194,1040,154,49,275.688,266.756,19.558,0.871021775544389,0.850813567939648,0.888850261088519,0.955004591368228,0.941011441161425,0.96579895846361,6.11648993391732,96.7601056266504,Revalidation hybrid,Sensitivity: non-CKD eGFR spread wider
sens_egfr_sd20,t1,DM,16641,1067,1487,826,661,241,177.122,137.116,109.726,0.555480833893746,0.530113576315004,0.580562175974928,0.774133083411434,0.748085459922986,0.798213896700966,7.61743763126889,77.4133083411434,Single lab,Sensitivity: non-CKD eGFR spread wider
sens_egfr_sd20,t2,DM,16641,1067,824,611,213,456,177.122,101.426,35.358,0.741504854368932,0.710539706344413,0.770228677214165,0.572633552014995,0.542742360583388,0.602003622795608,4.22109523077711,57.2633552014995,Guideline (ADA/KDIGO),Sensitivity: non-CKD eGFR spread wider
sens_egfr_sd20,t3,DM,16641,1067,1137,744,393,323,177.122,123.504,65.238,0.654353562005277,0.626232190330208,0.681435450327622,0.697282099343955,0.669047794940964,0.72410097281747,5.82449669586599,69.7282099343955,Revalidation hybrid,Sensitivity: non-CKD eGFR spread wider
