mask_rate,tier,family,alerts,tp,ppv,ppv_lo,ppv_hi,sensitivity,alerts_per_100
0.1,t1,CKD,2060,212,0.102912621359223,0.0905221460739271,0.116781305938888,1,10.5527380769428
0.1,t1,DM,953,292,0.306400839454355,0.27795803110646,0.336398143996162,0.789189189189189,4.88192203268275
0.1,t2,CKD,606,211,0.348184818481848,0.311319019516594,0.386963218696896,0.995283018867925,3.10434916244045
0.1,t2,DM,427,214,0.501170960187354,0.453947892147583,0.548373147249919,0.578378378378378,2.18738794119154
0.1,t3,CKD,397,203,0.511335012594459,0.462291200149749,0.560161567152513,0.957547169811321,2.03370728958557
0.1,t3,DM,660,267,0.404545454545455,0.367758072965367,0.442437571904664,0.721621621621622,3.38097433533118
0.1,t1,All 4 HCCs,3013,504,0.167275141055427,0.15437409640089,0.181023528112076,0.865979381443299,15.4346601096255
0.1,t2,All 4 HCCs,1033,425,0.411423039690223,0.381796587281648,0.441705840748048,0.730240549828179,5.29173710363199
0.1,t3,All 4 HCCs,1057,470,0.444654683065279,0.414951350403424,0.474758842361793,0.807560137457045,5.41468162491676
0.15,t1,CKD,2163,315,0.145631067961165,0.131394048496517,0.161124564824489,1,11.0803749807899
0.15,t1,DM,1098,437,0.39799635701275,0.369447811370079,0.427256153427408,0.773451327433628,5.62471184877824
0.15,t2,CKD,708,313,0.442090395480226,0.405918283863147,0.478887526498265,0.993650793650794,3.62686337790072
0.15,t2,DM,531,318,0.598870056497175,0.556615973143259,0.639703886262407,0.56283185840708,2.72014753342554
0.15,t3,CKD,494,300,0.607287449392713,0.563553601676633,0.649365588000934,0.952380952380952,2.53060806311152
0.15,t3,DM,793,400,0.504413619167718,0.469677491569231,0.53910719191142,0.707964601769912,4.06229189078428
0.15,t1,All 4 HCCs,3261,752,0.230604109168967,0.216469016789951,0.245373151609046,0.854545454545455,16.7050868295682
0.15,t2,All 4 HCCs,1239,631,0.509281678773204,0.481459978054513,0.537046002605179,0.717045454545455,6.34701091132626
0.15,t3,All 4 HCCs,1287,700,0.543900543900544,0.516598863756538,0.570940933813364,0.795454545454545,6.5928999538958
0.2,t1,CKD,2258,410,0.181576616474756,0.166221433453797,0.198013405202949,1,11.5670303775421
0.2,t1,DM,1253,592,0.472466081404629,0.444949519585951,0.500150954689664,0.785145888594165,6.41872854874238
0.2,t2,CKD,802,407,0.507481296758105,0.472927690606946,0.54196357599227,0.992682926829268,4.10839608626607
0.2,t2,DM,645,432,0.669767441860465,0.632561531669074,0.704963139454817,0.572944297082228,3.3041340095282
0.2,t3,CKD,588,394,0.670068027210884,0.631067471097771,0.706860865991897,0.960975609756098,3.01214077147687
0.2,t3,DM,932,539,0.578326180257511,0.546364108652192,0.609645222441114,0.714854111405836,4.77434557655858
0.2,t1,All 4 HCCs,3511,1002,0.28538877812589,0.270691875636629,0.300554788642325,0.860824742268041,17.9857589262845
0.2,t2,All 4 HCCs,1447,839,0.579820317899102,0.554209929070273,0.605008018966424,0.720790378006873,7.41253009579427
0.2,t3,All 4 HCCs,1520,933,0.613815789473684,0.589081936989787,0.637975804481409,0.801546391752577,7.78648634803545
0.25,t1,CKD,2363,515,0.217943292424884,0.201762401169357,0.235039757660419,1,12.104912658163
0.25,t1,DM,1403,742,0.528866714183892,0.502703993238944,0.554871790792826,0.77696335078534,7.18713180677219
0.25,t2,CKD,907,512,0.564498346196251,0.532025394078636,0.596427256892571,0.994174757281553,4.64627836688694
0.25,t2,DM,761,548,0.720105124835742,0.687163539315106,0.750835729862241,0.573821989528796,3.89836586240459
0.25,t3,CKD,690,496,0.718840579710145,0.684155918120109,0.751102016038657,0.963106796116505,3.53465498693714
0.25,t3,DM,1061,668,0.629594721960415,0.600118311392813,0.658136096079789,0.699476439790576,5.43517237846422
0.25,t1,All 4 HCCs,3766,1257,0.333775889537971,0.318891279024724,0.348999263939473,0.855102040816327,19.2920444649352
0.25,t2,All 4 HCCs,1668,1060,0.635491606714628,0.612107563959248,0.658253000205035,0.72108843537415,8.54464422929153
0.25,t3,All 4 HCCs,1751,1164,0.664762992575671,0.642312279169014,0.686492352782046,0.791836734693878,8.96982736540136
0.3,t1,CKD,2454,606,0.246943765281174,0.230286279262267,0.264392274741811,1,12.5710773013678
0.3,t1,DM,1564,903,0.577365728900256,0.552723971460534,0.601628369867414,0.769820971867008,8.01188463705753
0.3,t2,CKD,998,603,0.604208416833667,0.573524852667434,0.63409282792331,0.995049504950495,5.1124430100917
0.3,t2,DM,878,665,0.757403189066059,0.727967989817705,0.784595799828191,0.56692242114237,4.49772040366785
0.3,t3,CKD,775,581,0.749677419354839,0.717997415593143,0.778894468649881,0.958745874587459,3.97008349982071
0.3,t3,DM,1207,814,0.674399337199669,0.647446220392586,0.700245871691902,0.693947144075021,6.18308488294657
0.3,t1,All 4 HCCs,4018,1509,0.375559980089597,0.360711853625278,0.390645824135291,0.84822934232715,20.5829619384253
0.3,t2,All 4 HCCs,1876,1268,0.67590618336887,0.654386082005649,0.696707355636718,0.712759977515458,9.61016341375954
0.3,t3,All 4 HCCs,1982,1395,0.703834510595358,0.683355662350586,0.723524754215919,0.784148397976391,10.1531683827673
0.35,t1,CKD,2569,721,0.280653950953678,0.263616510012167,0.298346394411574,1,13.1601864658573
0.35,t1,DM,1713,1052,0.614127262113252,0.590843650653897,0.636900150610421,0.774098601913171,8.77516520670048
0.35,t2,CKD,1113,718,0.645103324348607,0.616537837195779,0.672670624263975,0.995839112343967,5.70155217458122
0.35,t2,DM,976,763,0.781762295081967,0.754771453428851,0.806543844111185,0.561442236938926,4.99974386558066
0.35,t3,CKD,887,693,0.781285231116122,0.752900076975258,0.807244486413813,0.961165048543689,4.54382459914963
0.35,t3,DM,1336,943,0.705838323353293,0.680842307721968,0.729654021063157,0.693892568064754,6.84391168485221
0.35,t1,All 4 HCCs,4282,1773,0.414058851004204,0.399389209916052,0.42888255256708,0.852403846153846,21.9353516725578
0.35,t2,All 4 HCCs,2089,1481,0.708951651507899,0.68910308371773,0.72803314813613,0.712019230769231,10.7012960401619
0.35,t3,All 4 HCCs,2223,1636,0.735942420152946,0.717221455490208,0.753849350132181,0.786538461538462,11.3877362840018
0.4,t1,CKD,2695,847,0.314285714285714,0.297033738581697,0.332066371493904,1,13.8056452026023
0.4,t1,DM,1869,1208,0.64633493846977,0.624379485341211,0.667690084895898,0.774855676715844,9.57430459505148
0.4,t2,CKD,1239,844,0.681194511702986,0.654720124512315,0.706548802279077,0.996458087367178,6.34701091132626
0.4,t2,DM,1092,879,0.804945054945055,0.780391309729365,0.827360837845638,0.563822963438101,5.59397571845705
0.4,t3,CKD,1008,814,0.807539682539683,0.782053119082572,0.830691095532445,0.961038961038961,5.16366989396035
0.4,t3,DM,1474,1081,0.733378561736771,0.710218994035412,0.755324854320973,0.693393200769724,7.55084268223964
0.4,t1,All 4 HCCs,4564,2055,0.450262927256792,0.435876792317134,0.464732717865557,0.854114713216958,23.3799497976538
0.4,t2,All 4 HCCs,2331,1723,0.739167739167739,0.720959582990199,0.756588901420891,0.716126350789692,11.9409866297833
0.4,t3,All 4 HCCs,2482,1895,0.763497179693795,0.746380534588957,0.779799441756167,0.78761429758936,12.7145125762
0.45,t1,CKD,2803,955,0.340706386014984,0.323389536656408,0.358459255624436,1,14.3588955483838
0.45,t1,DM,2007,1346,0.670652715495765,0.649782480583603,0.690870929457851,0.773563218390805,10.2812355924389
0.45,t2,CKD,1346,951,0.706537890044577,0.68165171893968,0.730248505613918,0.995811518324607,6.89513856872086
0.45,t2,DM,1189,976,0.820857863751051,0.798038508334235,0.84161062052346,0.560919540229885,6.09087649198299
0.45,t3,CKD,1110,916,0.825225225225225,0.801772453862499,0.846434698315545,0.959162303664922,5.68618410942062
0.45,t3,DM,1592,1199,0.753140703517588,0.731367431412072,0.773695271117053,0.689080459770115,8.15531991188976
0.45,t1,All 4 HCCs,4810,2301,0.478378378378378,0.464284362939382,0.492506902045287,0.853803339517625,24.6401311408227
0.45,t2,All 4 HCCs,2535,1927,0.760157790927022,0.74315043123815,0.776377873854474,0.715027829313544,12.9860150607039
0.45,t3,All 4 HCCs,2702,2115,0.782753515914138,0.766809241686697,0.797894944886732,0.784786641929499,13.8415040213104
0.5,t1,CKD,2912,1064,0.365384615384615,0.348082869562194,0.3830410577596,0.99906103286385,14.9172685825521
0.5,t1,DM,2164,1503,0.694547134935305,0.674810244782915,0.713594542188014,0.771164699846075,11.0854976691768
0.5,t2,CKD,1455,1060,0.728522336769759,0.705091766168006,0.750749405591382,0.995305164319249,7.4535116028892
0.5,t2,DM,1303,1090,0.836531082118189,0.815468341562519,0.855615357290602,0.55926115956901,6.67486296808565
0.5,t3,CKD,1213,1019,0.840065952184666,0.818369600916789,0.859615188325642,0.956807511737089,6.21382101326776
0.5,t3,DM,1733,1340,0.773225620311598,0.752918761271316,0.792323865907222,0.68753206772704,8.87761897443779
0.5,t1,All 4 HCCs,5076,2567,0.505713159968479,0.491960043051264,0.519457636116516,0.851692103516921,26.0027662517289
0.5,t2,All 4 HCCs,2758,2150,0.779550398839739,0.763696113036626,0.79462702860324,0.713337757133378,14.1283745709748
0.5,t3,All 4 HCCs,2946,2359,0.800746775288527,0.785935323530754,0.81477492640533,0.782680822826808,15.0914399877055
0.55,t1,CKD,3033,1185,0.390702274975272,0.373486972103602,0.408194090609015,0.999156829679595,15.5371138773628
0.55,t1,DM,2299,1638,0.712483688560244,0.693640186177461,0.730618286440246,0.771186440677966,11.7770606014036
0.55,t2,CKD,1575,1180,0.749206349206349,0.727209929844405,0.769990087050484,0.994940978077572,8.06823420931305
0.55,t2,DM,1397,1184,0.847530422333572,0.827728824486225,0.865425988919598,0.55743879472693,7.156395676451
0.55,t3,CKD,1325,1131,0.853584905660377,0.833527664449886,0.87159783700125,0.95362563237774,6.78756211259669
0.55,t3,DM,1851,1458,0.787682333873582,0.768466270587186,0.805706791447521,0.686440677966102,9.48209620408791
0.55,t1,All 4 HCCs,5332,2823,0.529444861215304,0.51603112735347,0.542816198307027,0.852870090634441,27.3141744787665
0.55,t2,All 4 HCCs,2972,2364,0.795423956931359,0.780544195302358,0.809541003892323,0.714199395770393,15.2246298857641
0.55,t3,All 4 HCCs,3176,2589,0.815176322418136,0.801299016658993,0.82829212048609,0.782175226586103,16.2696583166846
0.6,t1,CKD,3120,1272,0.407692307692308,0.390573134905918,0.425038506211922,0.999214454045562,15.9827877670201
0.6,t1,DM,2443,1782,0.729431027425297,0.711464565017722,0.746677091834982,0.772431729518856,12.5147277291122
0.6,t2,CKD,1662,1267,0.762334536702768,0.741280346865038,0.782178830707189,0.99528672427337,8.51390809897034
0.6,t2,DM,1504,1291,0.858377659574468,0.839842481724516,0.875086792632432,0.559601213697443,7.7045233338456
0.6,t3,CKD,1407,1213,0.862117981520967,0.843114382554809,0.879149620695968,0.9528672427337,7.20762256031966
0.6,t3,DM,1983,1590,0.801815431164902,0.783693923221204,0.818769848956415,0.689206762028609,10.1582910711541
0.6,t1,All 4 HCCs,5563,3054,0.548984360956319,0.535879194920004,0.562021922622412,0.853072625698324,28.4975154961324
0.6,t2,All 4 HCCs,3166,2558,0.807959570435881,0.793868662555335,0.82130405990804,0.714525139664804,16.2184314328159
0.6,t3,All 4 HCCs,3390,2803,0.826843657817109,0.813738190856591,0.839209221946253,0.782960893854749,17.3659136314738
