scenario,tier,family,n_undocumented,n_masked,alerts,tp,fp,fn,masked_raf,recovered_raf,false_raf,ppv,ppv_lo,ppv_hi,sensitivity,sens_lo,sens_hi,alerts_per_100,pct_raf_recovered,tier_label
calibrated_drug_artifact_removed,t1,DM,16641,1067,1487,826,661,241,177.122,137.116,109.726,0.555480833893746,0.530113576315004,0.580562175974928,0.774133083411434,0.748085459922986,0.798213896700966,7.61743763126889,77.4133083411434,Single lab
calibrated_drug_artifact_removed,t2,DM,16641,1067,824,611,213,456,177.122,101.426,35.358,0.741504854368932,0.710539706344413,0.770228677214165,0.572633552014995,0.542742360583388,0.602003622795608,4.22109523077711,57.2633552014995,Guideline (ADA/KDIGO)
calibrated_drug_artifact_removed,t3,DM,16641,1067,957,744,213,323,177.122,123.504,35.358,0.77742946708464,0.749995057373653,0.80264554230627,0.697282099343955,0.669047794940964,0.72410097281747,4.90241278623021,69.7282099343955,Revalidation hybrid
calibrated_drug_artifact_removed,t1,CKD,18241,1089,2936,1088,1848,1,275.688,275.561,317.127,0.370572207084469,0.353282468551608,0.388200189392515,0.999081726354454,0.994816913812328,0.999837883758221,15.0402131038369,99.9539334319956,Single lab
calibrated_drug_artifact_removed,t2,CKD,18241,1089,1479,1084,395,5,275.688,272.344,54.035,0.732927653820149,0.709797320522217,0.754851139298945,0.995408631772268,0.989297135708892,0.998037295366196,7.57645612417397,98.7870346188445,Guideline (ADA/KDIGO)
calibrated_drug_artifact_removed,t3,CKD,18241,1089,1234,1040,194,49,275.688,266.756,24.638,0.842787682333874,0.821418341025525,0.862029441379496,0.955004591368228,0.941011441161425,0.96579895846361,6.32139746939194,96.7601056266504,Revalidation hybrid
calibrated_drug_artifact_removed,t1,All 4 HCCs,34882,2156,4423,1914,2509,242,452.81,412.677,426.853,0.432737960660185,0.41820116571914,0.44739149091092,0.887755102040816,0.873734867945909,0.900396026324885,22.6576507351058,91.1369006868223,Single lab
calibrated_drug_artifact_removed,t2,All 4 HCCs,34882,2156,2303,1695,608,461,452.81,373.77,89.393,0.735996526270083,0.71761128124381,0.753595786690411,0.786178107606679,0.768370482657462,0.802967749118949,11.7975513549511,82.5445551114154,Guideline (ADA/KDIGO)
calibrated_drug_artifact_removed,t3,All 4 HCCs,34882,2156,2191,1784,407,372,452.81,390.26,59.996,0.814240073026016,0.797410370203664,0.829969796352819,0.827458256029685,0.810930012724652,0.842821675499249,11.2238102556222,86.1862591373865,Revalidation hybrid
