measure,value
Patients,"19,521"
"Age, mean (SD)",81.6 (9.9)
"Age 75 or older, %",70.6
"Female, %",51.6
"Office visit days per year, median (IQR)",3.5 (2.0 to 6.0)
"Visit band: 2 or fewer per year, %",25.5
"Visit band: 3 to 5, %",48.7
"Visit band: 6 or more, %",25.8
"True diabetes (HCC 36-38), %",20.2
"Prediabetes without diabetes, %",48.6
"True CKD stage 3 (HCC 329), %",7.4
"True CKD stage 4 (HCC 327), %",3.5
"ESRD / stage 5 (HCC 326), %",1.2
"CKD stage 3-4 patients without diabetes, %",68.9
"Kidney codes labeled 'due to diabetes' but no diabetes diagnosis, %",20.5
