snomed_code,snomed_description,icd10cm,map_note
414545008,Ischemic heart disease (disorder),I25.9,
271737000,Anemia (disorder),D64.9,
59621000,Essential hypertension (disorder),I10,
37320007,Loss of teeth (disorder),K08.409,partial loss assumed; Synthea does not say complete vs partial
237602007,Metabolic syndrome X (disorder),E88.810,code added in FY2023
40055000,Chronic sinusitis (disorder),J32.9,
55822004,Hyperlipidemia (disorder),E78.5,
127013003,Disorder of kidney due to diabetes mellitus (disorder),E11.21,SNOMED synonym is diabetic nephropathy; Synthea diabetes is always type 2
64859006,Osteoporosis (disorder),M81.0,age-related assumed for a 65+ cohort
90781000119102,Microalbuminuria due to type 2 diabetes mellitus (disorder),E11.29,
431855005,Chronic kidney disease stage 1 (disorder),N18.1,
431856006,Chronic kidney disease stage 2 (disorder),N18.2,
433144002,Chronic kidney disease stage 3 (disorder),N18.30,Synthea never splits 3a and 3b so this is the unspecified stage 3 code
431857002,Chronic kidney disease stage 4 (disorder),N18.4,
46177005,End-stage renal disease (disorder),N18.6,
44054006,Diabetes mellitus type 2 (disorder),E11.9,
302870006,Hypertriglyceridemia (disorder),E78.1,
157141000119108,Proteinuria due to type 2 diabetes mellitus (disorder),E11.29,
68496003,Polyp of colon (disorder),K63.5,
26929004,Alzheimer's disease (disorder),G30.9,
239873007,Osteoarthritis of knee (disorder),M17.9,
401314000,Acute non-ST segment elevation myocardial infarction (disorder),I21.4,
6525002,Dependent drug abuse (disorder),F19.20,
80394007,Hyperglycemia (disorder),R73.9,
401303003,Acute ST segment elevation myocardial infarction (disorder),I21.3,
368581000119106,Neuropathy due to type 2 diabetes mellitus (disorder),E11.40,
124171000119105,Chronic intractable migraine without aura (disorder),G43.719,
39898005,Sleep disorder (disorder),G47.9,
196416002,Impacted molars (disorder),K01.1,
197927001,Recurrent urinary tract infection (disorder),N39.0,
78275009,Obstructive sleep apnea syndrome (disorder),G47.33,
713197008,Recurrent rectal polyp (disorder),K62.1,
49436004,Atrial fibrillation (disorder),I48.91,
201834006,Localized  primary osteoarthritis of the hand (disorder),M19.049,
254837009,Malignant neoplasm of breast (disorder),C50.919,laterality and sex not given
239872002,Osteoarthritis of hip (disorder),M16.9,
126906006,Neoplasm of prostate (disorder),D49.59,behavior not specified in SNOMED concept
92691004,Carcinoma in situ of prostate (disorder),D07.5,
91302008,Sepsis (disorder),A41.9,
60573004,Aortic valve stenosis (disorder),I35.0,
83664006,Idiopathic atrophic hypothyroidism (disorder),E03.9,no specific ICD-10-CM code for the idiopathic atrophic form
195967001,Asthma (disorder),J45.909,
128613002,Seizure disorder (disorder),G40.909,
203646004,Adolescent idiopathic scoliosis (disorder),M41.129,
203082005,Fibromyalgia (disorder),M79.7,
73430006,Sleep apnea (disorder),G47.30,
84757009,Epilepsy (disorder),G40.909,
87433001,Pulmonary emphysema (disorder),J43.9,
48724000,Mitral valve regurgitation (disorder),I34.0,
60234000,Aortic valve regurgitation (disorder),I35.1,
93143009,Leukemia  disease (disorder),C95.90,
88805009,Chronic congestive heart failure (disorder),I50.9,type of heart failure not given
185086009,Chronic obstructive bronchitis (disorder),J44.9,
427419006,Transformed migraine (disorder),G43.709,transformed migraine is the older name for chronic migraine
4557003,Preinfarction syndrome (disorder),I20.0,preinfarction syndrome is a synonym for unstable angina
97331000119101,Macular edema and retinopathy due to type 2 diabetes mellitus (disorder),E11.311,
7200002,Alcoholism (disorder),F10.20,
127294003,Traumatic or nontraumatic brain injury (disorder),G93.9,concept mixes traumatic and nontraumatic so mapped to the general brain disorder code
95417003,Primary fibromyalgia syndrome (disorder),M79.7,
76571007,Septic shock (disorder),R65.21,
128188000,Cerebral palsy (disorder),G80.9,
111287006,Tricuspid valve regurgitation (disorder),I36.1,
109989006,Multiple myeloma (disorder),C90.00,
69896004,Rheumatoid arthritis (disorder),M06.9,
235595009,Gastroesophageal reflux disease (disorder),K21.9,
6072007,Bleeding from anus (disorder),K62.5,
230265002,Familial Alzheimer's disease of early onset (disorder),G30.0,
56786000,Pulmonic valve stenosis (disorder),I37.0,
370143000,Major depressive disorder (disorder),F32.9,
60951000119105,Blindness due to type 2 diabetes mellitus (disorder),E11.39,
110359009,Intellectual disability (disorder),F79,
127295002,Traumatic brain injury (disorder),S06.9X9S,recorded as a long-term condition so the sequela code is used
67782005,Acute respiratory distress syndrome (disorder),J80,
698754002,Chronic paralysis due to lesion of spinal cord (disorder),G83.9,level and pattern of paralysis not given
157265008,Dislocation of hip joint (disorder),S73.006A,
254637007,Non-small cell lung cancer (disorder),C34.90,
424132000,Non-small cell carcinoma of lung  TNM stage 1 (disorder),C34.90,
79619009,Mitral valve stenosis (disorder),I05.0,ICD-10-CM treats unspecified mitral stenosis as rheumatic
86406008,Human immunodeficiency virus infection (disorder),B20,
128302006,Chronic hepatitis C (disorder),B18.2,
27942005,Shock (disorder),R57.9,
15802004,Dystonia (disorder),G24.9,
24079001,Atopic dermatitis (disorder),L20.9,
94503003,Metastatic malignant neoplasm to prostate (disorder),C79.82,
87628006,Bacterial infectious disease (disorder),A49.9,
76916001,Spina bifida occulta (disorder),Q76.0,
53827007,Excessive salivation (disorder),K11.7,
254632001,Small cell carcinoma of lung (disorder),C34.90,
200936003,Lupus erythematosus (disorder),M32.9,
49915006,Tricuspid valve stenosis (disorder),I07.0,ICD-10-CM treats unspecified tricuspid stenosis as rheumatic
171131006,Meningocele (disorder),Q05.9,
67811000119102,Primary small cell malignant neoplasm of lung  TNM stage 1 (disorder),C34.90,
61977001,Chronic type B viral hepatitis (disorder),B18.1,
93761005,Primary malignant neoplasm of colon (disorder),C18.9,
363406005,Malignant neoplasm of colon (disorder),C18.9,
109838007,Overlapping malignant neoplasm of colon (disorder),C18.8,
233604007,Pneumonia (disorder),J18.9,
840539006,Disease caused by severe acute respiratory syndrome coronavirus 2 (disorder),U07.1,
22298006,Myocardial infarction (disorder),I21.9,
230690007,Cerebrovascular accident (disorder),I63.9,
65710008,Acute respiratory failure (disorder),J96.00,
389087006,Hypoxemia (disorder),R09.02,
213150003,Kidney transplant failure and rejection (disorder),T86.12,
66383009,Gingivitis (disorder),K05.10,
18718003,Gingival disease (disorder),K06.9,
109570002,Primary dental caries (disorder),K02.9,
444814009,Viral sinusitis (disorder),J01.90,
195662009,Acute viral pharyngitis (disorder),J02.9,
10509002,Acute bronchitis (disorder),J20.9,
427898007,Infection of tooth (disorder),K04.7,
125605004,Fracture of bone (disorder),T14.8XXA,
1149222004,Overdose (disorder),T50.901A,
312608009,Laceration - injury (disorder),T14.8XXA,
443165006,Osteoporotic fracture of bone (disorder),M80.00XA,
43878008,Streptococcal sore throat (disorder),J02.0,
307426000,Acute infective cystitis (disorder),N30.00,
65966004,Fracture of forearm (disorder),S52.90XA,
61804006,Alveolitis of jaw (disorder),M27.3,
44465007,Sprain of ankle (disorder),S93.409A,
16114001,Fracture of ankle (disorder),S82.899A,
75498004,Acute bacterial sinusitis (disorder),J01.90,
58150001,Fracture of clavicle (disorder),S42.009A,
36971009,Sinusitis (disorder),J32.9,
263102004,Fracture subluxation of wrist (disorder),S62.109A,
110030002,Concussion injury of brain (disorder),S06.0X9A,
90460009,Injury of neck (disorder),S19.9XXA,
359817006,Closed fracture of hip (disorder),S72.009A,
39848009,Whiplash injury to neck (disorder),S13.4XXA,
283385000,Laceration of thigh (disorder),S71.119A,
62106007,Concussion with no loss of consciousness (disorder),S06.0X0A,
370247008,Facial laceration (disorder),S01.81XA,
1255252008,Resorption of alveolar process due to dental trauma (disorder),K08.20,
283371005,Laceration of forearm (disorder),S51.819A,
70704007,Sprain of wrist (disorder),S63.509A,
33737001,Fracture of rib (disorder),S22.39XA,
46752004,Torus palatinus (disorder),M27.0,
284551006,Laceration of foot (disorder),S91.319A,
65363002,Otitis media (disorder),H66.90,
284549007,Laceration of hand (disorder),S61.419A,
403190006,Epidermal burn of skin (disorder),T30.0,degree-specific burn codes need a body region and Synthea does not record one
125601008,Injury of knee (disorder),S89.90XA,
307731004,Injury of tendon of the rotator cuff of shoulder (disorder),S46.019A,
403191005,Partial thickness burn (disorder),T30.0,degree-specific burn codes need a body region and Synthea does not record one
62564004,Concussion with loss of consciousness (disorder),S06.0X9A,
444448004,Injury of medial collateral ligament of knee (disorder),S83.419A,
312157006,Infectious mediastinitis (disorder),J98.51,
67787004,Tongue tie (disorder),Q38.1,
239720000,Tear of meniscus of knee (disorder),S83.209A,
132281000119108,Acute deep venous thrombosis (disorder),I82.409,
30832001,Rupture of patellar tendon (disorder),S76.119A,
11625007,Torus mandibularis (disorder),M27.0,
706870000,Acute pulmonary embolism (disorder),I26.99,
74400008,Appendicitis (disorder),K37,
65275009,Acute cholecystitis (disorder),K81.0,
235919008,Gallbladder calculus (disorder),K80.20,
444470001,Injury of anterior cruciate ligament (disorder),S83.519A,
283545005,Gunshot wound (disorder),T14.8XXA,
262574004,Bullet wound (disorder),T14.8XXA,
262521009,Traumatic injury of spinal cord and/or vertebral column (disorder),T14.8XXA,ICD-10-CM spinal cord codes need a spinal level and Synthea does not record one
15724005,Fracture of vertebral column without spinal cord injury (disorder),T14.8XXA,ICD-10-CM vertebral fracture codes need a spinal level and Synthea does not record one
263172003,Fracture of mandible (disorder),S02.609A,
81629009,Traumatic dislocation of temporomandibular joint (disorder),S03.00XA,
403192003,Full thickness burn (disorder),T30.0,degree-specific burn codes need a body region and Synthea does not record one
47693006,Rupture of appendix (disorder),K35.32,
45816000,Pyelonephritis (disorder),N12,
86849004,Suicidal poisoning (disorder),T50.902A,
770349000,Sepsis caused by virus (disorder),A41.89,
91434003,Pulmonic valve regurgitation (disorder),I37.1,
275408006,Postoperative renal failure (disorder),N99.0,
1734006,Fracture of vertebral column with spinal cord injury (disorder),T14.8XXA,ICD-10-CM vertebral and spinal cord codes need a spinal level and Synthea does not record one
94260004,Metastatic malignant neoplasm to colon (disorder),C78.5,
129574000,Postoperative myocardial infarction (disorder),I21.A9,procedure-related MI (types 4 and 5) is coded as other MI type
84114007,Heart failure (disorder),I50.9,
47505003,Posttraumatic stress disorder (disorder),F43.10,
68566005,Urinary tract infectious disease (disorder),N39.0,
1163220007,Pressure injury stage II (disorder),L89.92,site not given
302297009,Congenital deformity of foot (disorder),Q66.90,
129721000119106,Acute renal failure on dialysis (disorder),N17.9,dialysis status would be a separate Z99.2 code
414667000,Meningomyelocele (disorder),Q05.9,
62479008,Acquired immune deficiency syndrome (disorder),B20,
267064002,Retention of urine (disorder),R33.9,
373587001,Chiari malformation type II (disorder),Q07.01,type II comes with spina bifida by definition
230745008,Hydrocephalus (disorder),G91.9,
298382003,Scoliosis deformity of spine (disorder),M41.9,
414564002,Kyphosis deformity of spine (disorder),M40.209,
278365007,Anticoagulant-induced bleeding (disorder),D68.32,
